ASDLevel,A1BG,A1BG-AS1,A1CF,Age
0,1.21273,0.148389,0.042177,23
0,0.53301,0.134289,0.00343853,28
0,0.91067,0.145122,0.0622993,14
0,1.61741,0.105355,0.00628601,18
0,0.888657,0.141489,0.00973187,20
0,0.520928,0.146793,0.0155857,21
1,0.363855,0.162395,0.0420451,24
1,1.60868,0.1492,0.0112005,18
1,1.2602,0.182355,0.00420147,19
1,0.969946,0.153011,0.024229,22
1,0.84057,0.179234,0.0123263,23
1,0.723002,0.152144,0.0159779,26
